<?xml version="1.0" encoding="UTF-8"?>
<project-private xmlns="http://www.netbeans.org/ns/project-private/1">
    <editor-bookmarks xmlns="http://www.netbeans.org/ns/editor-bookmarks/2" lastBookmarkId="0"/>
    <open-files xmlns="http://www.netbeans.org/ns/projectui-open-files/2">
        <group>
            <file>file:/home/abhisheky/Documents/7thSem/CSD/LAB/Assignment4/PipelinedProcessor/src/in/ac/iitm/cse/PipelineWindow.java</file>
            <file>file:/home/abhisheky/Documents/7thSem/CSD/LAB/Assignment4/PipelinedProcessor/src/in/ac/iitm/cse/PipelinedProcessor.java</file>
            <file>file:/home/abhisheky/Documents/7thSem/CSD/LAB/Assignment4/PipelinedProcessor/src/in/ac/iitm/cse/testClass.java</file>
        </group>
    </open-files>
</project-private>
