<?xml version="1.0" encoding="UTF-8"?>
<project-private xmlns="http://www.netbeans.org/ns/project-private/1">
    <editor-bookmarks xmlns="http://www.netbeans.org/ns/editor-bookmarks/2" lastBookmarkId="0"/>
    <open-files xmlns="http://www.netbeans.org/ns/projectui-open-files/2">
        <group>
            <file>file:/home/abhisheky/Documents/7thSem/CSD/LAB/Assignment5/SuperScalarProcessor/src/superscalarprocessor/Test.java</file>
            <file>file:/home/abhisheky/Documents/7thSem/CSD/LAB/Assignment5/SuperScalarProcessor/src/superscalarprocessor/SuperScalarProcessor.java</file>
            <file>file:/home/abhisheky/Documents/7thSem/CSD/LAB/Assignment5/SuperScalarProcessor/src/superscalarprocessor/ReservationStation.java</file>
            <file>file:/home/abhisheky/Documents/7thSem/CSD/LAB/Assignment5/SuperScalarProcessor/src/superscalarprocessor/InstructionClass.java</file>
            <file>file:/home/abhisheky/Documents/7thSem/CSD/LAB/Assignment5/SuperScalarProcessor/src/superscalarprocessor/Tomasulo.java</file>
        </group>
    </open-files>
</project-private>
